Time(s),Ach(°C),Bch(°C),Cch(°C),Dch(°C),Ech(°C),Fch(°C)
0.0,25.03,25.03,25.03,25.03,25.03,25.03
0.15,24.74,24.74,24.74,24.74,24.74,24.74
0.3,25.21,25.21,25.21,25.21,25.21,25.21
0.45,25.39,25.39,25.39,25.39,25.39,25.39
0.6,24.96,24.96,24.96,24.96,24.96,24.96
0.75,24.78,24.78,24.78,24.78,24.78,24.78
0.9,25.42,25.42,25.42,25.42,25.42,25.42
1.05,25.31,25.31,25.31,25.31,25.31,25.31
1.2,25.45,25.45,25.45,25.45,25.45,25.45
1.35,25.23,25.23,25.23,25.23,25.23,25.23
1.5,25.22,25.22,25.22,25.22,25.22,25.22
1.65,24.98,24.98,24.98,24.98,24.98,24.98
1.8,25.53,25.53,25.53,25.53,25.53,25.53
1.95,25.44,25.44,25.44,25.44,25.44,25.44
2.1,25.35,25.35,25.35,25.35,25.35,25.35
2.25,25.8,25.8,25.8,25.8,25.8,25.8
2.4,25.56,25.56,25.56,25.56,25.56,25.56
2.55,25.84,25.84,25.84,25.84,25.84,25.84
2.7,25.93,25.93,25.93,25.93,25.93,25.93
2.85,26.57,26.57,26.57,26.57,26.57,26.57
3.0,25.93,25.93,25.93,25.93,25.93,25.93
3.15,26.65,26.65,26.65,26.65,26.65,26.65
3.3,26.98,26.98,26.98,26.98,26.98,26.98
3.45,26.32,26.32,26.32,26.32,26.32,26.32
3.6,26.46,26.46,26.46,26.46,26.46,26.46
3.75,26.93,26.93,26.93,26.93,26.93,26.93
3.9,26.9,26.9,26.9,26.9,26.9,26.9
4.05,27.48,27.48,27.48,27.48,27.48,27.48
4.2,27.42,27.42,27.42,27.42,27.42,27.42
4.35,28.07,28.07,28.07,28.07,28.07,28.07
4.5,27.72,27.72,27.72,27.72,27.72,27.72
4.65,27.65,27.65,27.65,27.65,27.65,27.65
4.8,28.41,28.41,28.41,28.41,28.41,28.41
4.95,28.83,28.83,28.83,28.83,28.83,28.83
5.1,28.67,28.67,28.67,28.67,28.67,28.67
5.25,28.98,28.98,28.98,28.98,28.98,28.98
5.4,28.97,28.97,28.97,28.97,28.97,28.97
5.55,29.6,29.6,29.6,29.6,29.6,29.6
5.7,28.89,28.89,28.89,28.89,28.89,28.89
5.85,29.35,29.35,29.35,29.35,29.35,29.35
6.0,29.97,29.97,29.97,29.97,29.97,29.97
6.15,29.46,29.46,29.46,29.46,29.46,29.46
6.3,30.28,30.28,30.28,30.28,30.28,30.28
6.45,30.36,30.36,30.36,30.36,30.36,30.36
6.6,30.16,30.16,30.16,30.16,30.16,30.16
6.75,30.63,30.63,30.63,30.63,30.63,30.63
6.9,31.47,31.47,31.47,31.47,31.47,31.47
7.05,30.99,30.99,30.99,30.99,30.99,30.99
7.2,31.13,31.13,31.13,31.13,31.13,31.13
7.35,31.46,31.46,31.46,31.46,31.46,31.46
7.5,31.71,31.71,31.71,31.71,31.71,31.71
7.65,31.96,31.96,31.96,31.96,31.96,31.96
7.8,32.47,32.47,32.47,32.47,32.47,32.47
7.95,32.46,32.46,32.46,32.46,32.46,32.46
8.1,33.37,33.37,33.37,33.37,33.37,33.37
8.25,33.13,33.13,33.13,33.13,33.13,33.13
8.4,33.86,33.86,33.86,33.86,33.86,33.86
8.55,34.07,34.07,34.07,34.07,34.07,34.07
8.7,34.32,34.32,34.32,34.32,34.32,34.32
8.85,34.39,34.39,34.39,34.39,34.39,34.39
9.0,34.39,34.39,34.39,34.39,34.39,34.39
9.15,34.49,34.49,34.49,34.49,34.49,34.49
9.3,35.12,35.12,35.12,35.12,35.12,35.12
9.45,35.02,35.02,35.02,35.02,35.02,35.02
9.6,35.83,35.83,35.83,35.83,35.83,35.83
9.75,35.55,35.55,35.55,35.55,35.55,35.55
9.9,36.01,36.01,36.01,36.01,36.01,36.01
10.05,36.8,36.8,36.8,36.8,36.8,36.8
10.2,36.68,36.68,36.68,36.68,36.68,36.68
10.35,37.04,37.04,37.04,37.04,37.04,37.04
10.5,36.94,36.94,36.94,36.94,36.94,36.94
10.65,37.03,37.03,37.03,37.03,37.03,37.03
10.8,38.25,38.25,38.25,38.25,38.25,38.25
10.95,37.94,37.94,37.94,37.94,37.94,37.94
11.1,38.46,38.46,38.46,38.46,38.46,38.46
11.25,38.91,38.91,38.91,38.91,38.91,38.91
11.4,39.18,39.18,39.18,39.18,39.18,39.18
11.55,39.19,39.19,39.19,39.19,39.19,39.19
11.7,39.53,39.53,39.53,39.53,39.53,39.53
11.85,39.46,39.46,39.46,39.46,39.46,39.46
12.0,40.51,40.51,40.51,40.51,40.51,40.51
12.15,40.77,40.77,40.77,40.77,40.77,40.77
12.3,40.82,40.82,40.82,40.82,40.82,40.82
12.45,41.0,41.0,41.0,41.0,41.0,41.0
12.6,40.93,40.93,40.93,40.93,40.93,40.93
12.75,41.47,41.47,41.47,41.47,41.47,41.47
12.9,42.12,42.12,42.12,42.12,42.12,42.12
13.05,41.91,41.91,41.91,41.91,41.91,41.91
13.2,42.95,42.95,42.95,42.95,42.95,42.95
13.35,42.53,42.53,42.53,42.53,42.53,42.53
13.5,43.53,43.53,43.53,43.53,43.53,43.53
13.65,43.87,43.87,43.87,43.87,43.87,43.87
13.8,44.26,44.26,44.26,44.26,44.26,44.26
13.95,44.19,44.19,44.19,44.19,44.19,44.19
14.1,44.4,44.4,44.4,44.4,44.4,44.4
14.25,44.63,44.63,44.63,44.63,44.63,44.63
14.4,45.24,45.24,45.24,45.24,45.24,45.24
14.55,45.05,45.05,45.05,45.05,45.05,45.05
14.7,45.68,45.68,45.68,45.68,45.68,45.68
14.85,46.6,46.6,46.6,46.6,46.6,46.6
15.0,46.71,46.71,46.71,46.71,46.71,46.71
15.15,47.32,47.32,47.32,47.32,47.32,47.32
15.3,46.87,46.87,46.87,46.87,46.87,46.87
15.45,47.31,47.31,47.31,47.31,47.31,47.31
15.6,48.35,48.35,48.35,48.35,48.35,48.35
15.75,48.65,48.65,48.65,48.65,48.65,48.65
15.9,48.08,48.08,48.08,48.08,48.08,48.08
16.05,48.43,48.43,48.43,48.43,48.43,48.43
16.2,49.53,49.53,49.53,49.53,49.53,49.53
16.35,49.83,49.83,49.83,49.83,49.83,49.83
16.5,50.01,50.01,50.01,50.01,50.01,50.01
16.65,50.48,50.48,50.48,50.48,50.48,50.48
16.8,50.9,50.9,50.9,50.9,50.9,50.9
16.95,51.12,51.12,51.12,51.12,51.12,51.12
17.1,51.66,51.66,51.66,51.66,51.66,51.66
17.25,51.23,51.23,51.23,51.23,51.23,51.23
17.4,52.22,52.22,52.22,52.22,52.22,52.22
17.55,51.97,51.97,51.97,51.97,51.97,51.97
17.7,52.71,52.71,52.71,52.71,52.71,52.71
17.85,53.36,53.36,53.36,53.36,53.36,53.36
18.0,53.23,53.23,53.23,53.23,53.23,53.23
18.15,53.19,53.19,53.19,53.19,53.19,53.19
18.3,54.42,54.42,54.42,54.42,54.42,54.42
18.45,54.61,54.61,54.61,54.61,54.61,54.61
18.6,54.27,54.27,54.27,54.27,54.27,54.27
18.75,54.62,54.62,54.62,54.62,54.62,54.62
18.9,55.34,55.34,55.34,55.34,55.34,55.34
19.05,55.44,55.44,55.44,55.44,55.44,55.44
19.2,56.6,56.6,56.6,56.6,56.6,56.6
19.35,56.02,56.02,56.02,56.02,56.02,56.02
19.5,57.22,57.22,57.22,57.22,57.22,57.22
19.65,56.82,56.82,56.82,56.82,56.82,56.82
19.8,57.16,57.16,57.16,57.16,57.16,57.16
19.95,57.75,57.75,57.75,57.75,57.75,57.75
20.1,58.44,58.44,58.44,58.44,58.44,58.44
20.25,58.4,58.4,58.4,58.4,58.4,58.4
20.4,59.33,59.33,59.33,59.33,59.33,59.33
20.55,58.83,58.83,58.83,58.83,58.83,58.83
20.7,59.24,59.24,59.24,59.24,59.24,59.24
20.85,59.93,59.93,59.93,59.93,59.93,59.93
21.0,60.14,60.14,60.14,60.14,60.14,60.14
21.15,60.78,60.78,60.78,60.78,60.78,60.78
21.3,61.16,61.16,61.16,61.16,61.16,61.16
21.45,61.57,61.57,61.57,61.57,61.57,61.57
21.6,61.42,61.42,61.42,61.42,61.42,61.42
21.75,61.78,61.78,61.78,61.78,61.78,61.78
21.9,62.16,62.16,62.16,62.16,62.16,62.16
22.05,63.02,63.02,63.02,63.02,63.02,63.02
22.2,62.82,62.82,62.82,62.82,62.82,62.82
22.35,63.5,63.5,63.5,63.5,63.5,63.5
22.5,64.53,64.53,64.53,64.53,64.53,64.53
22.65,63.93,63.93,63.93,63.93,63.93,63.93
22.8,64.42,64.42,64.42,64.42,64.42,64.42
22.95,64.72,64.72,64.72,64.72,64.72,64.72
23.1,65.19,65.19,65.19,65.19,65.19,65.19
23.25,65.88,65.88,65.88,65.88,65.88,65.88
23.4,66.13,66.13,66.13,66.13,66.13,66.13
23.55,66.96,66.96,66.96,66.96,66.96,66.96
23.7,67.18,67.18,67.18,67.18,67.18,67.18
23.85,67.54,67.54,67.54,67.54,67.54,67.54
24.0,67.3,67.3,67.3,67.3,67.3,67.3
24.15,68.41,68.41,68.41,68.41,68.41,68.41
24.3,67.98,67.98,67.98,67.98,67.98,67.98
24.45,69.12,69.12,69.12,69.12,69.12,69.12
24.6,69.03,69.03,69.03,69.03,69.03,69.03
24.75,69.5,69.5,69.5,69.5,69.5,69.5
24.9,69.71,69.71,69.71,69.71,69.71,69.71
25.05,70.37,70.37,70.37,70.37,70.37,70.37
25.2,70.38,70.38,70.38,70.38,70.38,70.38
25.35,71.27,71.27,71.27,71.27,71.27,71.27
25.5,71.18,71.18,71.18,71.18,71.18,71.18
25.65,71.81,71.81,71.81,71.81,71.81,71.81
25.8,72.6,72.6,72.6,72.6,72.6,72.6
25.95,72.47,72.47,72.47,72.47,72.47,72.47
26.1,72.94,72.94,72.94,72.94,72.94,72.94
26.25,73.52,73.52,73.52,73.52,73.52,73.52
26.4,74.02,74.02,74.02,74.02,74.02,74.02
26.55,73.67,73.67,73.67,73.67,73.67,73.67
26.7,74.75,74.75,74.75,74.75,74.75,74.75
26.85,74.87,74.87,74.87,74.87,74.87,74.87
27.0,75.02,75.02,75.02,75.02,75.02,75.02
27.15,75.48,75.48,75.48,75.48,75.48,75.48
27.3,75.97,75.97,75.97,75.97,75.97,75.97
27.45,76.23,76.23,76.23,76.23,76.23,76.23
27.6,76.86,76.86,76.86,76.86,76.86,76.86
27.75,76.74,76.74,76.74,76.74,76.74,76.74
27.9,77.52,77.52,77.52,77.52,77.52,77.52
28.05,78.17,78.17,78.17,78.17,78.17,78.17
28.2,77.94,77.94,77.94,77.94,77.94,77.94
28.35,78.97,78.97,78.97,78.97,78.97,78.97
28.5,78.95,78.95,78.95,78.95,78.95,78.95
28.65,79.75,79.75,79.75,79.75,79.75,79.75
28.8,79.25,79.25,79.25,79.25,79.25,79.25
28.95,80.35,80.35,80.35,80.35,80.35,80.35
29.1,80.28,80.28,80.28,80.28,80.28,80.28
29.25,80.31,80.31,80.31,80.31,80.31,80.31
29.4,81.36,81.36,81.36,81.36,81.36,81.36
29.55,81.64,81.64,81.64,81.64,81.64,81.64
29.7,82.11,82.11,82.11,82.11,82.11,82.11
29.85,81.92,81.92,81.92,81.92,81.92,81.92
30.0,82.21,82.21,82.21,82.21,82.21,82.21
30.15,83.05,83.05,83.05,83.05,83.05,83.05
30.3,83.74,83.74,83.74,83.74,83.74,83.74
30.45,84.18,84.18,84.18,84.18,84.18,84.18
30.6,83.91,83.91,83.91,83.91,83.91,83.91
30.75,84.53,84.53,84.53,84.53,84.53,84.53
30.9,84.63,84.63,84.63,84.63,84.63,84.63
31.05,85.24,85.24,85.24,85.24,85.24,85.24
31.2,85.95,85.95,85.95,85.95,85.95,85.95
31.35,85.73,85.73,85.73,85.73,85.73,85.73
31.5,86.59,86.59,86.59,86.59,86.59,86.59
31.65,86.74,86.74,86.74,86.74,86.74,86.74
31.8,86.91,86.91,86.91,86.91,86.91,86.91
31.95,87.34,87.34,87.34,87.34,87.34,87.34
32.1,88.34,88.34,88.34,88.34,88.34,88.34
32.25,88.41,88.41,88.41,88.41,88.41,88.41
32.4,88.45,88.45,88.45,88.45,88.45,88.45
32.55,89.0,89.0,89.0,89.0,89.0,89.0
32.7,89.34,89.34,89.34,89.34,89.34,89.34
32.85,90.07,90.07,90.07,90.07,90.07,90.07
33.0,89.87,89.87,89.87,89.87,89.87,89.87
33.15,91.09,91.09,91.09,91.09,91.09,91.09
33.3,90.72,90.72,90.72,90.72,90.72,90.72
33.45,91.09,91.09,91.09,91.09,91.09,91.09
33.6,92.3,92.3,92.3,92.3,92.3,92.3
33.75,92.56,92.56,92.56,92.56,92.56,92.56
33.9,92.38,92.38,92.38,92.38,92.38,92.38
34.05,92.75,92.75,92.75,92.75,92.75,92.75
34.2,93.37,93.37,93.37,93.37,93.37,93.37
34.35,93.71,93.71,93.71,93.71,93.71,93.71
34.5,94.52,94.52,94.52,94.52,94.52,94.52
34.65,94.84,94.84,94.84,94.84,94.84,94.84
34.8,94.71,94.71,94.71,94.71,94.71,94.71
34.95,95.67,95.67,95.67,95.67,95.67,95.67
35.1,95.72,95.72,95.72,95.72,95.72,95.72
35.25,95.99,95.99,95.99,95.99,95.99,95.99
35.4,96.07,96.07,96.07,96.07,96.07,96.07
35.55,96.63,96.63,96.63,96.63,96.63,96.63
35.7,97.18,97.18,97.18,97.18,97.18,97.18
35.85,97.53,97.53,97.53,97.53,97.53,97.53
36.0,98.13,98.13,98.13,98.13,98.13,98.13
36.15,98.06,98.06,98.06,98.06,98.06,98.06
36.3,98.63,98.63,98.63,98.63,98.63,98.63
36.45,99.02,99.02,99.02,99.02,99.02,99.02
36.6,99.78,99.78,99.78,99.78,99.78,99.78
36.75,100.21,100.21,100.21,100.21,100.21,100.21
36.9,100.57,100.57,100.57,100.57,100.57,100.57
37.05,100.9,100.9,100.9,100.9,100.9,100.9
37.2,101.11,101.11,101.11,101.11,101.11,101.11
37.35,101.17,101.17,101.17,101.17,101.17,101.17
37.5,101.89,101.89,101.89,101.89,101.89,101.89
37.65,102.29,102.29,102.29,102.29,102.29,102.29
37.8,102.29,102.29,102.29,102.29,102.29,102.29
37.95,103.37,103.37,103.37,103.37,103.37,103.37
38.1,103.56,103.56,103.56,103.56,103.56,103.56
38.25,103.88,103.88,103.88,103.88,103.88,103.88
38.4,104.26,104.26,104.26,104.26,104.26,104.26
38.55,104.81,104.81,104.81,104.81,104.81,104.81
38.7,105.18,105.18,105.18,105.18,105.18,105.18
38.85,105.29,105.29,105.29,105.29,105.29,105.29
39.0,105.82,105.82,105.82,105.82,105.82,105.82
39.15,105.66,105.66,105.66,105.66,105.66,105.66
39.3,106.12,106.12,106.12,106.12,106.12,106.12
39.45,107.21,107.21,107.21,107.21,107.21,107.21
39.6,107.47,107.47,107.47,107.47,107.47,107.47
39.75,107.18,107.18,107.18,107.18,107.18,107.18
39.9,107.96,107.96,107.96,107.96,107.96,107.96
40.05,108.3,108.3,108.3,108.3,108.3,108.3
40.2,108.87,108.87,108.87,108.87,108.87,108.87
40.35,109.21,109.21,109.21,109.21,109.21,109.21
40.5,109.13,109.13,109.13,109.13,109.13,109.13
40.65,109.41,109.41,109.41,109.41,109.41,109.41
40.8,109.86,109.86,109.86,109.86,109.86,109.86
40.95,110.44,110.44,110.44,110.44,110.44,110.44
41.1,111.46,111.46,111.46,111.46,111.46,111.46
41.25,111.65,111.65,111.65,111.65,111.65,111.65
41.4,111.42,111.42,111.42,111.42,111.42,111.42
41.55,112.08,112.08,112.08,112.08,112.08,112.08
41.7,112.57,112.57,112.57,112.57,112.57,112.57
41.85,113.17,113.17,113.17,113.17,113.17,113.17
42.0,113.47,113.47,113.47,113.47,113.47,113.47
42.15,113.58,113.58,113.58,113.58,113.58,113.58
42.3,114.44,114.44,114.44,114.44,114.44,114.44
42.45,114.31,114.31,114.31,114.31,114.31,114.31
42.6,114.53,114.53,114.53,114.53,114.53,114.53
42.75,115.17,115.17,115.17,115.17,115.17,115.17
42.9,115.39,115.39,115.39,115.39,115.39,115.39
43.05,115.92,115.92,115.92,115.92,115.92,115.92
43.2,116.9,116.9,116.9,116.9,116.9,116.9
43.35,116.52,116.52,116.52,116.52,116.52,116.52
43.5,116.89,116.89,116.89,116.89,116.89,116.89
43.65,117.27,117.27,117.27,117.27,117.27,117.27
43.8,117.88,117.88,117.88,117.88,117.88,117.88
43.95,118.0,118.0,118.0,118.0,118.0,118.0
44.1,118.26,118.26,118.26,118.26,118.26,118.26
44.25,118.98,118.98,118.98,118.98,118.98,118.98
44.4,119.54,119.54,119.54,119.54,119.54,119.54
44.55,119.52,119.52,119.52,119.52,119.52,119.52
44.7,120.49,120.49,120.49,120.49,120.49,120.49
44.85,120.91,120.91,120.91,120.91,120.91,120.91
45.0,120.69,120.69,120.69,120.69,120.69,120.69
45.15,121.78,121.78,121.78,121.78,121.78,121.78
45.3,121.92,121.92,121.92,121.92,121.92,121.92
45.45,122.7,122.7,122.7,122.7,122.7,122.7
45.6,122.51,122.51,122.51,122.51,122.51,122.51
45.75,123.3,123.3,123.3,123.3,123.3,123.3
45.9,123.35,123.35,123.35,123.35,123.35,123.35
46.05,123.51,123.51,123.51,123.51,123.51,123.51
46.2,123.92,123.92,123.92,123.92,123.92,123.92
46.35,124.84,124.84,124.84,124.84,124.84,124.84
46.5,124.91,124.91,124.91,124.91,124.91,124.91
46.65,124.91,124.91,124.91,124.91,124.91,124.91
46.8,125.59,125.59,125.59,125.59,125.59,125.59
46.95,126.51,126.51,126.51,126.51,126.51,126.51
47.1,126.27,126.27,126.27,126.27,126.27,126.27
47.25,127.11,127.11,127.11,127.11,127.11,127.11
47.4,127.54,127.54,127.54,127.54,127.54,127.54
47.55,127.46,127.46,127.46,127.46,127.46,127.46
47.7,128.24,128.24,128.24,128.24,128.24,128.24
47.85,128.33,128.33,128.33,128.33,128.33,128.33
48.0,129.17,129.17,129.17,129.17,129.17,129.17
48.15,128.86,128.86,128.86,128.86,128.86,128.86
48.3,129.38,129.38,129.38,129.38,129.38,129.38
48.45,130.3,130.3,130.3,130.3,130.3,130.3
48.6,130.24,130.24,130.24,130.24,130.24,130.24
48.75,131.01,131.01,131.01,131.01,131.01,131.01
48.9,131.22,131.22,131.22,131.22,131.22,131.22
49.05,131.05,131.05,131.05,131.05,131.05,131.05
49.2,131.45,131.45,131.45,131.45,131.45,131.45
49.35,132.51,132.51,132.51,132.51,132.51,132.51
49.5,132.48,132.48,132.48,132.48,132.48,132.48
49.65,133.21,133.21,133.21,133.21,133.21,133.21
49.8,133.18,133.18,133.18,133.18,133.18,133.18
49.95,133.32,133.32,133.32,133.32,133.32,133.32
50.1,134.17,134.17,134.17,134.17,134.17,134.17
50.25,134.83,134.83,134.83,134.83,134.83,134.83
50.4,134.77,134.77,134.77,134.77,134.77,134.77
50.55,135.04,135.04,135.04,135.04,135.04,135.04
50.7,135.24,135.24,135.24,135.24,135.24,135.24
50.85,136.22,136.22,136.22,136.22,136.22,136.22
51.0,136.09,136.09,136.09,136.09,136.09,136.09
51.15,137.33,137.33,137.33,137.33,137.33,137.33
51.3,137.23,137.23,137.23,137.23,137.23,137.23
51.45,137.41,137.41,137.41,137.41,137.41,137.41
51.6,137.67,137.67,137.67,137.67,137.67,137.67
51.75,138.39,138.39,138.39,138.39,138.39,138.39
51.9,138.54,138.54,138.54,138.54,138.54,138.54
52.05,139.48,139.48,139.48,139.48,139.48,139.48
52.2,139.94,139.94,139.94,139.94,139.94,139.94
52.35,139.55,139.55,139.55,139.55,139.55,139.55
52.5,140.22,140.22,140.22,140.22,140.22,140.22
52.65,141.02,141.02,141.02,141.02,141.02,141.02
52.8,140.68,140.68,140.68,140.68,140.68,140.68
52.95,141.83,141.83,141.83,141.83,141.83,141.83
53.1,141.46,141.46,141.46,141.46,141.46,141.46
53.25,141.94,141.94,141.94,141.94,141.94,141.94
53.4,142.69,142.69,142.69,142.69,142.69,142.69
53.55,142.61,142.61,142.61,142.61,142.61,142.61
53.7,143.02,143.02,143.02,143.02,143.02,143.02
53.85,144.33,144.33,144.33,144.33,144.33,144.33
54.0,144.5,144.5,144.5,144.5,144.5,144.5
54.15,144.63,144.63,144.63,144.63,144.63,144.63
54.3,144.57,144.57,144.57,144.57,144.57,144.57
54.45,145.07,145.07,145.07,145.07,145.07,145.07
54.6,145.84,145.84,145.84,145.84,145.84,145.84
54.75,146.67,146.67,146.67,146.67,146.67,146.67
54.9,146.57,146.57,146.57,146.57,146.57,146.57
55.05,147.45,147.45,147.45,147.45,147.45,147.45
55.2,147.64,147.64,147.64,147.64,147.64,147.64
55.35,147.67,147.67,147.67,147.67,147.67,147.67
55.5,148.34,148.34,148.34,148.34,148.34,148.34
55.65,148.64,148.64,148.64,148.64,148.64,148.64
55.8,148.72,148.72,148.72,148.72,148.72,148.72
55.95,149.61,149.61,149.61,149.61,149.61,149.61
56.1,149.26,149.26,149.26,149.26,149.26,149.26
56.25,149.81,149.81,149.81,149.81,149.81,149.81
56.4,150.46,150.46,150.46,150.46,150.46,150.46
56.55,151.26,151.26,151.26,151.26,151.26,151.26
56.7,151.29,151.29,151.29,151.29,151.29,151.29
56.85,151.47,151.47,151.47,151.47,151.47,151.47
57.0,152.27,152.27,152.27,152.27,152.27,152.27
57.15,152.66,152.66,152.66,152.66,152.66,152.66
57.3,152.48,152.48,152.48,152.48,152.48,152.48
57.45,153.26,153.26,153.26,153.26,153.26,153.26
57.6,153.26,153.26,153.26,153.26,153.26,153.26
57.75,154.09,154.09,154.09,154.09,154.09,154.09
57.9,154.1,154.1,154.1,154.1,154.1,154.1
58.05,155.19,155.19,155.19,155.19,155.19,155.19
58.2,154.92,154.92,154.92,154.92,154.92,154.92
58.35,155.75,155.75,155.75,155.75,155.75,155.75
58.5,155.49,155.49,155.49,155.49,155.49,155.49
58.65,155.85,155.85,155.85,155.85,155.85,155.85
58.8,156.26,156.26,156.26,156.26,156.26,156.26
58.95,156.54,156.54,156.54,156.54,156.54,156.54
59.1,157.85,157.85,157.85,157.85,157.85,157.85
59.25,157.38,157.38,157.38,157.38,157.38,157.38
59.4,158.47,158.47,158.47,158.47,158.47,158.47
59.55,158.15,158.15,158.15,158.15,158.15,158.15
59.7,158.87,158.87,158.87,158.87,158.87,158.87
59.85,159.75,159.75,159.75,159.75,159.75,159.75
60.0,159.47,159.47,159.47,159.47,159.47,159.47
60.15,160.12,160.12,160.12,160.12,160.12,160.12
60.3,160.25,160.25,160.25,160.25,160.25,160.25
60.45,160.36,160.36,160.36,160.36,160.36,160.36
60.6,161.47,161.47,161.47,161.47,161.47,161.47
60.75,161.31,161.31,161.31,161.31,161.31,161.31
60.9,161.76,161.76,161.76,161.76,161.76,161.76
61.05,162.16,162.16,162.16,162.16,162.16,162.16
61.2,162.82,162.82,162.82,162.82,162.82,162.82
61.35,163.45,163.45,163.45,163.45,163.45,163.45
61.5,163.47,163.47,163.47,163.47,163.47,163.47
61.65,163.92,163.92,163.92,163.92,163.92,163.92
61.8,163.58,163.58,163.58,163.58,163.58,163.58
61.95,164.09,164.09,164.09,164.09,164.09,164.09
62.1,164.13,164.13,164.13,164.13,164.13,164.13
62.25,165.09,165.09,165.09,165.09,165.09,165.09
62.4,165.31,165.31,165.31,165.31,165.31,165.31
62.55,165.23,165.23,165.23,165.23,165.23,165.23
62.7,165.43,165.43,165.43,165.43,165.43,165.43
62.85,166.31,166.31,166.31,166.31,166.31,166.31
63.0,166.79,166.79,166.79,166.79,166.79,166.79
63.15,166.54,166.54,166.54,166.54,166.54,166.54
63.3,166.71,166.71,166.71,166.71,166.71,166.71
63.45,167.63,167.63,167.63,167.63,167.63,167.63
63.6,167.76,167.76,167.76,167.76,167.76,167.76
63.75,167.49,167.49,167.49,167.49,167.49,167.49
63.9,168.25,168.25,168.25,168.25,168.25,168.25
64.05,168.53,168.53,168.53,168.53,168.53,168.53
64.2,168.66,168.66,168.66,168.66,168.66,168.66
64.35,168.6,168.6,168.6,168.6,168.6,168.6
64.5,169.62,169.62,169.62,169.62,169.62,169.62
64.65,170.0,170.0,170.0,170.0,170.0,170.0
64.8,169.54,169.54,169.54,169.54,169.54,169.54
64.95,169.61,169.61,169.61,169.61,169.61,169.61
65.1,170.0,170.0,170.0,170.0,170.0,170.0
65.25,170.23,170.23,170.23,170.23,170.23,170.23
65.4,170.96,170.96,170.96,170.96,170.96,170.96
65.55,170.6,170.6,170.6,170.6,170.6,170.6
65.7,171.04,171.04,171.04,171.04,171.04,171.04
65.85,171.81,171.81,171.81,171.81,171.81,171.81
66.0,171.41,171.41,171.41,171.41,171.41,171.41
66.15,172.12,172.12,172.12,172.12,172.12,172.12
66.3,172.11,172.11,172.11,172.11,172.11,172.11
66.45,172.74,172.74,172.74,172.74,172.74,172.74
66.6,172.43,172.43,172.43,172.43,172.43,172.43
66.75,172.77,172.77,172.77,172.77,172.77,172.77
66.9,172.69,172.69,172.69,172.69,172.69,172.69
67.05,173.53,173.53,173.53,173.53,173.53,173.53
67.2,173.2,173.2,173.2,173.2,173.2,173.2
67.35,173.54,173.54,173.54,173.54,173.54,173.54
67.5,173.53,173.53,173.53,173.53,173.53,173.53
67.65,173.73,173.73,173.73,173.73,173.73,173.73
67.8,173.99,173.99,173.99,173.99,173.99,173.99
67.95,174.24,174.24,174.24,174.24,174.24,174.24
68.1,174.46,174.46,174.46,174.46,174.46,174.46
68.25,174.97,174.97,174.97,174.97,174.97,174.97
68.4,175.31,175.31,175.31,175.31,175.31,175.31
68.55,175.76,175.76,175.76,175.76,175.76,175.76
68.7,175.52,175.52,175.52,175.52,175.52,175.52
68.85,175.58,175.58,175.58,175.58,175.58,175.58
69.0,176.01,176.01,176.01,176.01,176.01,176.01
69.15,175.65,175.65,175.65,175.65,175.65,175.65
69.3,176.75,176.75,176.75,176.75,176.75,176.75
69.45,176.46,176.46,176.46,176.46,176.46,176.46
69.6,177.1,177.1,177.1,177.1,177.1,177.1
69.75,177.0,177.0,177.0,177.0,177.0,177.0
69.9,177.18,177.18,177.18,177.18,177.18,177.18
70.05,177.22,177.22,177.22,177.22,177.22,177.22
70.2,177.16,177.16,177.16,177.16,177.16,177.16
70.35,177.6,177.6,177.6,177.6,177.6,177.6
70.5,178.25,178.25,178.25,178.25,178.25,178.25
70.65,178.32,178.32,178.32,178.32,178.32,178.32
70.8,177.68,177.68,177.68,177.68,177.68,177.68
70.95,178.78,178.78,178.78,178.78,178.78,178.78
71.1,178.65,178.65,178.65,178.65,178.65,178.65
71.25,178.45,178.45,178.45,178.45,178.45,178.45
71.4,179.02,179.02,179.02,179.02,179.02,179.02
71.55,178.96,178.96,178.96,178.96,178.96,178.96
71.7,179.05,179.05,179.05,179.05,179.05,179.05
71.85,179.19,179.19,179.19,179.19,179.19,179.19
72.0,179.93,179.93,179.93,179.93,179.93,179.93
72.15,179.21,179.21,179.21,179.21,179.21,179.21
72.3,179.65,179.65,179.65,179.65,179.65,179.65
72.45,179.64,179.64,179.64,179.64,179.64,179.64
72.6,179.75,179.75,179.75,179.75,179.75,179.75
72.75,180.59,180.59,180.59,180.59,180.59,180.59
72.9,180.12,180.12,180.12,180.12,180.12,180.12
73.05,180.83,180.83,180.83,180.83,180.83,180.83
73.2,180.96,180.96,180.96,180.96,180.96,180.96
73.35,180.89,180.89,180.89,180.89,180.89,180.89
73.5,180.87,180.87,180.87,180.87,180.87,180.87
73.65,181.05,181.05,181.05,181.05,181.05,181.05
73.8,181.78,181.78,181.78,181.78,181.78,181.78
73.95,181.39,181.39,181.39,181.39,181.39,181.39
74.1,181.19,181.19,181.19,181.19,181.19,181.19
74.25,181.52,181.52,181.52,181.52,181.52,181.52
74.4,181.9,181.9,181.9,181.9,181.9,181.9
74.55,182.57,182.57,182.57,182.57,182.57,182.57
74.7,182.32,182.32,182.32,182.32,182.32,182.32
74.85,182.72,182.72,182.72,182.72,182.72,182.72
75.0,182.84,182.84,182.84,182.84,182.84,182.84
75.15,182.85,182.85,182.85,182.85,182.85,182.85
75.3,182.75,182.75,182.75,182.75,182.75,182.75
75.45,182.79,182.79,182.79,182.79,182.79,182.79
75.6,183.31,183.31,183.31,183.31,183.31,183.31
75.75,182.99,182.99,182.99,182.99,182.99,182.99
75.9,183.06,183.06,183.06,183.06,183.06,183.06
76.05,183.22,183.22,183.22,183.22,183.22,183.22
76.2,183.27,183.27,183.27,183.27,183.27,183.27
76.35,183.98,183.98,183.98,183.98,183.98,183.98
76.5,183.62,183.62,183.62,183.62,183.62,183.62
76.65,183.85,183.85,183.85,183.85,183.85,183.85
76.8,183.76,183.76,183.76,183.76,183.76,183.76
76.95,184.43,184.43,184.43,184.43,184.43,184.43
77.1,184.25,184.25,184.25,184.25,184.25,184.25
77.25,184.71,184.71,184.71,184.71,184.71,184.71
77.4,185.1,185.1,185.1,185.1,185.1,185.1
77.55,184.67,184.67,184.67,184.67,184.67,184.67
77.7,184.93,184.93,184.93,184.93,184.93,184.93
77.85,185.42,185.42,185.42,185.42,185.42,185.42
78.0,185.71,185.71,185.71,185.71,185.71,185.71
78.15,185.13,185.13,185.13,185.13,185.13,185.13
78.3,185.39,185.39,185.39,185.39,185.39,185.39
78.45,185.6,185.6,185.6,185.6,185.6,185.6
78.6,185.97,185.97,185.97,185.97,185.97,185.97
78.75,186.3,186.3,186.3,186.3,186.3,186.3
78.9,186.18,186.18,186.18,186.18,186.18,186.18
79.05,186.26,186.26,186.26,186.26,186.26,186.26
79.2,185.83,185.83,185.83,185.83,185.83,185.83
79.35,186.43,186.43,186.43,186.43,186.43,186.43
79.5,186.39,186.39,186.39,186.39,186.39,186.39
79.65,187.03,187.03,187.03,187.03,187.03,187.03
79.8,186.67,186.67,186.67,186.67,186.67,186.67
79.95,186.51,186.51,186.51,186.51,186.51,186.51
80.1,187.17,187.17,187.17,187.17,187.17,187.17
80.25,186.78,186.78,186.78,186.78,186.78,186.78
80.4,187.25,187.25,187.25,187.25,187.25,187.25
80.55,187.27,187.27,187.27,187.27,187.27,187.27
80.7,187.83,187.83,187.83,187.83,187.83,187.83
80.85,187.32,187.32,187.32,187.32,187.32,187.32
81.0,187.67,187.67,187.67,187.67,187.67,187.67
81.15,187.69,187.69,187.69,187.69,187.69,187.69
81.3,188.12,188.12,188.12,188.12,188.12,188.12
81.45,187.95,187.95,187.95,187.95,187.95,187.95
81.6,188.08,188.08,188.08,188.08,188.08,188.08
81.75,188.29,188.29,188.29,188.29,188.29,188.29
81.9,187.97,187.97,187.97,187.97,187.97,187.97
82.05,188.7,188.7,188.7,188.7,188.7,188.7
82.2,188.89,188.89,188.89,188.89,188.89,188.89
82.35,188.35,188.35,188.35,188.35,188.35,188.35
82.5,188.53,188.53,188.53,188.53,188.53,188.53
82.65,189.17,189.17,189.17,189.17,189.17,189.17
82.8,188.9,188.9,188.9,188.9,188.9,188.9
82.95,188.88,188.88,188.88,188.88,188.88,188.88
83.1,189.13,189.13,189.13,189.13,189.13,189.13
83.25,189.6,189.6,189.6,189.6,189.6,189.6
83.4,189.4,189.4,189.4,189.4,189.4,189.4
83.55,189.72,189.72,189.72,189.72,189.72,189.72
83.7,189.54,189.54,189.54,189.54,189.54,189.54
83.85,189.94,189.94,189.94,189.94,189.94,189.94
84.0,189.54,189.54,189.54,189.54,189.54,189.54
84.15,190.53,190.53,190.53,190.53,190.53,190.53
84.3,190.7,190.7,190.7,190.7,190.7,190.7
84.45,190.23,190.23,190.23,190.23,190.23,190.23
84.6,190.99,190.99,190.99,190.99,190.99,190.99
84.75,190.83,190.83,190.83,190.83,190.83,190.83
84.9,190.87,190.87,190.87,190.87,190.87,190.87
85.05,190.73,190.73,190.73,190.73,190.73,190.73
85.2,190.51,190.51,190.51,190.51,190.51,190.51
85.35,190.76,190.76,190.76,190.76,190.76,190.76
85.5,190.89,190.89,190.89,190.89,190.89,190.89
85.65,191.6,191.6,191.6,191.6,191.6,191.6
85.8,190.9,190.9,190.9,190.9,190.9,190.9
85.95,191.75,191.75,191.75,191.75,191.75,191.75
86.1,191.2,191.2,191.2,191.2,191.2,191.2
86.25,191.86,191.86,191.86,191.86,191.86,191.86
86.4,191.35,191.35,191.35,191.35,191.35,191.35
86.55,192.18,192.18,192.18,192.18,192.18,192.18
86.7,192.27,192.27,192.27,192.27,192.27,192.27
86.85,192.01,192.01,192.01,192.01,192.01,192.01
87.0,192.4,192.4,192.4,192.4,192.4,192.4
87.15,192.61,192.61,192.61,192.61,192.61,192.61
87.3,192.54,192.54,192.54,192.54,192.54,192.54
87.45,192.72,192.72,192.72,192.72,192.72,192.72
87.6,192.26,192.26,192.26,192.26,192.26,192.26
87.75,192.87,192.87,192.87,192.87,192.87,192.87
87.9,193.31,193.31,193.31,193.31,193.31,193.31
88.05,192.92,192.92,192.92,192.92,192.92,192.92
88.2,192.84,192.84,192.84,192.84,192.84,192.84
88.35,193.36,193.36,193.36,193.36,193.36,193.36
88.5,193.79,193.79,193.79,193.79,193.79,193.79
88.65,193.66,193.66,193.66,193.66,193.66,193.66
88.8,193.29,193.29,193.29,193.29,193.29,193.29
88.95,193.81,193.81,193.81,193.81,193.81,193.81
89.1,193.65,193.65,193.65,193.65,193.65,193.65
89.25,194.19,194.19,194.19,194.19,194.19,194.19
89.4,194.05,194.05,194.05,194.05,194.05,194.05
89.55,193.87,193.87,193.87,193.87,193.87,193.87
89.7,194.5,194.5,194.5,194.5,194.5,194.5
89.85,194.02,194.02,194.02,194.02,194.02,194.02
90.0,194.65,194.65,194.65,194.65,194.65,194.65
90.15,194.95,194.95,194.95,194.95,194.95,194.95
90.3,194.98,194.98,194.98,194.98,194.98,194.98
90.45,194.7,194.7,194.7,194.7,194.7,194.7
90.6,195.16,195.16,195.16,195.16,195.16,195.16
90.75,195.22,195.22,195.22,195.22,195.22,195.22
90.9,195.56,195.56,195.56,195.56,195.56,195.56
91.05,195.68,195.68,195.68,195.68,195.68,195.68
91.2,195.64,195.64,195.64,195.64,195.64,195.64
91.35,195.42,195.42,195.42,195.42,195.42,195.42
91.5,195.31,195.31,195.31,195.31,195.31,195.31
91.65,195.5,195.5,195.5,195.5,195.5,195.5
91.8,196.16,196.16,196.16,196.16,196.16,196.16
91.95,196.32,196.32,196.32,196.32,196.32,196.32
92.1,196.46,196.46,196.46,196.46,196.46,196.46
92.25,196.86,196.86,196.86,196.86,196.86,196.86
92.4,196.36,196.36,196.36,196.36,196.36,196.36
92.55,196.7,196.7,196.7,196.7,196.7,196.7
92.7,196.51,196.51,196.51,196.51,196.51,196.51
92.85,197.35,197.35,197.35,197.35,197.35,197.35
93.0,197.45,197.45,197.45,197.45,197.45,197.45
93.15,197.09,197.09,197.09,197.09,197.09,197.09
93.3,197.81,197.81,197.81,197.81,197.81,197.81
93.45,197.92,197.92,197.92,197.92,197.92,197.92
93.6,198.49,198.49,198.49,198.49,198.49,198.49
93.75,197.94,197.94,197.94,197.94,197.94,197.94
93.9,198.67,198.67,198.67,198.67,198.67,198.67
94.05,199.07,199.07,199.07,199.07,199.07,199.07
94.2,198.54,198.54,198.54,198.54,198.54,198.54
94.35,199.16,199.16,199.16,199.16,199.16,199.16
94.5,199.38,199.38,199.38,199.38,199.38,199.38
94.65,199.57,199.57,199.57,199.57,199.57,199.57
94.8,199.63,199.63,199.63,199.63,199.63,199.63
94.95,199.62,199.62,199.62,199.62,199.62,199.62
95.1,199.67,199.67,199.67,199.67,199.67,199.67
95.25,199.97,199.97,199.97,199.97,199.97,199.97
95.4,200.44,200.44,200.44,200.44,200.44,200.44
95.55,200.8,200.8,200.8,200.8,200.8,200.8
95.7,200.76,200.76,200.76,200.76,200.76,200.76
95.85,201.43,201.43,201.43,201.43,201.43,201.43
96.0,201.04,201.04,201.04,201.04,201.04,201.04
96.15,201.31,201.31,201.31,201.31,201.31,201.31
96.3,201.37,201.37,201.37,201.37,201.37,201.37
96.45,202.39,202.39,202.39,202.39,202.39,202.39
96.6,202.12,202.12,202.12,202.12,202.12,202.12
96.75,202.01,202.01,202.01,202.01,202.01,202.01
96.9,202.69,202.69,202.69,202.69,202.69,202.69
97.05,203.25,203.25,203.25,203.25,203.25,203.25
97.2,203.5,203.5,203.5,203.5,203.5,203.5
97.35,203.49,203.49,203.49,203.49,203.49,203.49
97.5,203.86,203.86,203.86,203.86,203.86,203.86
97.65,203.51,203.51,203.51,203.51,203.51,203.51
97.8,204.05,204.05,204.05,204.05,204.05,204.05
97.95,204.79,204.79,204.79,204.79,204.79,204.79
98.1,204.83,204.83,204.83,204.83,204.83,204.83
98.25,204.58,204.58,204.58,204.58,204.58,204.58
98.4,204.7,204.7,204.7,204.7,204.7,204.7
98.55,205.59,205.59,205.59,205.59,205.59,205.59
98.7,205.63,205.63,205.63,205.63,205.63,205.63
98.85,205.97,205.97,205.97,205.97,205.97,205.97
99.0,206.02,206.02,206.02,206.02,206.02,206.02
99.15,206.41,206.41,206.41,206.41,206.41,206.41
99.3,206.79,206.79,206.79,206.79,206.79,206.79
99.45,206.41,206.41,206.41,206.41,206.41,206.41
99.6,207.41,207.41,207.41,207.41,207.41,207.41
99.75,206.93,206.93,206.93,206.93,206.93,206.93
99.9,208.13,208.13,208.13,208.13,208.13,208.13
100.05,207.8,207.8,207.8,207.8,207.8,207.8
100.2,208.1,208.1,208.1,208.1,208.1,208.1
100.35,208.78,208.78,208.78,208.78,208.78,208.78
100.5,208.24,208.24,208.24,208.24,208.24,208.24
100.65,208.57,208.57,208.57,208.57,208.57,208.57
100.8,209.35,209.35,209.35,209.35,209.35,209.35
100.95,209.52,209.52,209.52,209.52,209.52,209.52
101.1,209.5,209.5,209.5,209.5,209.5,209.5
101.25,210.41,210.41,210.41,210.41,210.41,210.41
101.4,209.99,209.99,209.99,209.99,209.99,209.99
101.55,210.7,210.7,210.7,210.7,210.7,210.7
101.7,210.38,210.38,210.38,210.38,210.38,210.38
101.85,210.69,210.69,210.69,210.69,210.69,210.69
102.0,211.8,211.8,211.8,211.8,211.8,211.8
102.15,211.96,211.96,211.96,211.96,211.96,211.96
102.3,211.47,211.47,211.47,211.47,211.47,211.47
102.45,212.53,212.53,212.53,212.53,212.53,212.53
102.6,212.34,212.34,212.34,212.34,212.34,212.34
102.75,212.44,212.44,212.44,212.44,212.44,212.44
102.9,212.87,212.87,212.87,212.87,212.87,212.87
103.05,213.34,213.34,213.34,213.34,213.34,213.34
103.2,213.82,213.82,213.82,213.82,213.82,213.82
103.35,214.4,214.4,214.4,214.4,214.4,214.4
103.5,214.48,214.48,214.48,214.48,214.48,214.48
103.65,214.76,214.76,214.76,214.76,214.76,214.76
103.8,214.65,214.65,214.65,214.65,214.65,214.65
103.95,214.98,214.98,214.98,214.98,214.98,214.98
104.1,215.83,215.83,215.83,215.83,215.83,215.83
104.25,215.2,215.2,215.2,215.2,215.2,215.2
104.4,216.27,216.27,216.27,216.27,216.27,216.27
104.55,216.37,216.37,216.37,216.37,216.37,216.37
104.7,216.39,216.39,216.39,216.39,216.39,216.39
104.85,216.66,216.66,216.66,216.66,216.66,216.66
105.0,216.97,216.97,216.97,216.97,216.97,216.97
105.15,216.98,216.98,216.98,216.98,216.98,216.98
105.3,218.14,218.14,218.14,218.14,218.14,218.14
105.45,218.34,218.34,218.34,218.34,218.34,218.34
105.6,218.63,218.63,218.63,218.63,218.63,218.63
105.75,218.06,218.06,218.06,218.06,218.06,218.06
105.9,219.19,219.19,219.19,219.19,219.19,219.19
106.05,218.77,218.77,218.77,218.77,218.77,218.77
106.2,219.52,219.52,219.52,219.52,219.52,219.52
106.35,219.78,219.78,219.78,219.78,219.78,219.78
106.5,220.0,220.0,220.0,220.0,220.0,220.0
106.65,220.22,220.22,220.22,220.22,220.22,220.22
106.8,220.99,220.99,220.99,220.99,220.99,220.99
106.95,221.34,221.34,221.34,221.34,221.34,221.34
107.1,220.94,220.94,220.94,220.94,220.94,220.94
107.25,221.12,221.12,221.12,221.12,221.12,221.12
107.4,221.49,221.49,221.49,221.49,221.49,221.49
107.55,222.46,222.46,222.46,222.46,222.46,222.46
107.7,222.69,222.69,222.69,222.69,222.69,222.69
107.85,222.69,222.69,222.69,222.69,222.69,222.69
108.0,223.1,223.1,223.1,223.1,223.1,223.1
108.15,223.77,223.77,223.77,223.77,223.77,223.77
108.3,223.93,223.93,223.93,223.93,223.93,223.93
108.45,224.18,224.18,224.18,224.18,224.18,224.18
108.6,224.22,224.22,224.22,224.22,224.22,224.22
108.75,224.07,224.07,224.07,224.07,224.07,224.07
108.9,224.62,224.62,224.62,224.62,224.62,224.62
109.05,225.01,225.01,225.01,225.01,225.01,225.01
109.2,225.11,225.11,225.11,225.11,225.11,225.11
109.35,225.99,225.99,225.99,225.99,225.99,225.99
109.5,225.76,225.76,225.76,225.76,225.76,225.76
109.65,226.61,226.61,226.61,226.61,226.61,226.61
109.8,226.39,226.39,226.39,226.39,226.39,226.39
109.95,226.53,226.53,226.53,226.53,226.53,226.53
110.1,227.05,227.05,227.05,227.05,227.05,227.05
110.25,227.43,227.43,227.43,227.43,227.43,227.43
110.4,228.24,228.24,228.24,228.24,228.24,228.24
110.55,227.92,227.92,227.92,227.92,227.92,227.92
110.7,228.11,228.11,228.11,228.11,228.11,228.11
110.85,228.64,228.64,228.64,228.64,228.64,228.64
111.0,228.62,228.62,228.62,228.62,228.62,228.62
111.15,229.17,229.17,229.17,229.17,229.17,229.17
111.3,229.09,229.09,229.09,229.09,229.09,229.09
111.45,229.67,229.67,229.67,229.67,229.67,229.67
111.6,229.98,229.98,229.98,229.98,229.98,229.98
111.75,229.8,229.8,229.8,229.8,229.8,229.8
111.9,230.66,230.66,230.66,230.66,230.66,230.66
112.05,231.0,231.0,231.0,231.0,231.0,231.0
112.2,230.79,230.79,230.79,230.79,230.79,230.79
112.35,230.88,230.88,230.88,230.88,230.88,230.88
112.5,231.05,231.05,231.05,231.05,231.05,231.05
112.65,231.78,231.78,231.78,231.78,231.78,231.78
112.8,231.53,231.53,231.53,231.53,231.53,231.53
112.95,232.09,232.09,232.09,232.09,232.09,232.09
113.1,232.06,232.06,232.06,232.06,232.06,232.06
113.25,232.3,232.3,232.3,232.3,232.3,232.3
113.4,232.81,232.81,232.81,232.81,232.81,232.81
113.55,232.48,232.48,232.48,232.48,232.48,232.48
113.7,232.67,232.67,232.67,232.67,232.67,232.67
113.85,232.81,232.81,232.81,232.81,232.81,232.81
114.0,233.06,233.06,233.06,233.06,233.06,233.06
114.15,233.72,233.72,233.72,233.72,233.72,233.72
114.3,233.42,233.42,233.42,233.42,233.42,233.42
114.45,233.97,233.97,233.97,233.97,233.97,233.97
114.6,233.52,233.52,233.52,233.52,233.52,233.52
114.75,233.81,233.81,233.81,233.81,233.81,233.81
114.9,233.94,233.94,233.94,233.94,233.94,233.94
115.05,234.28,234.28,234.28,234.28,234.28,234.28
115.2,234.64,234.64,234.64,234.64,234.64,234.64
115.35,234.56,234.56,234.56,234.56,234.56,234.56
115.5,235.13,235.13,235.13,235.13,235.13,235.13
115.65,234.72,234.72,234.72,234.72,234.72,234.72
115.8,235.45,235.45,235.45,235.45,235.45,235.45
115.95,235.31,235.31,235.31,235.31,235.31,235.31
116.1,235.26,235.26,235.26,235.26,235.26,235.26
116.25,235.45,235.45,235.45,235.45,235.45,235.45
116.4,235.85,235.85,235.85,235.85,235.85,235.85
116.55,235.12,235.12,235.12,235.12,235.12,235.12
116.7,235.79,235.79,235.79,235.79,235.79,235.79
116.85,235.57,235.57,235.57,235.57,235.57,235.57
117.0,236.09,236.09,236.09,236.09,236.09,236.09
117.15,235.68,235.68,235.68,235.68,235.68,235.68
117.3,236.19,236.19,236.19,236.19,236.19,236.19
117.45,235.92,235.92,235.92,235.92,235.92,235.92
117.6,236.59,236.59,236.59,236.59,236.59,236.59
117.75,236.39,236.39,236.39,236.39,236.39,236.39
117.9,236.47,236.47,236.47,236.47,236.47,236.47
118.05,236.19,236.19,236.19,236.19,236.19,236.19
118.2,237.14,237.14,237.14,237.14,237.14,237.14
118.35,236.52,236.52,236.52,236.52,236.52,236.52
118.5,237.27,237.27,237.27,237.27,237.27,237.27
118.65,237.07,237.07,237.07,237.07,237.07,237.07
118.8,237.15,237.15,237.15,237.15,237.15,237.15
118.95,237.27,237.27,237.27,237.27,237.27,237.27
119.1,236.76,236.76,236.76,236.76,236.76,236.76
119.25,237.71,237.71,237.71,237.71,237.71,237.71
119.4,237.79,237.79,237.79,237.79,237.79,237.79
119.55,237.12,237.12,237.12,237.12,237.12,237.12
119.7,237.46,237.46,237.46,237.46,237.46,237.46
119.85,237.92,237.92,237.92,237.92,237.92,237.92
120.0,238.04,238.04,238.04,238.04,238.04,238.04
120.15,237.59,237.59,237.59,237.59,237.59,237.59
120.3,237.53,237.53,237.53,237.53,237.53,237.53
120.45,237.96,237.96,237.96,237.96,237.96,237.96
120.6,237.41,237.41,237.41,237.41,237.41,237.41
120.75,237.77,237.77,237.77,237.77,237.77,237.77
120.9,237.63,237.63,237.63,237.63,237.63,237.63
121.05,238.34,238.34,238.34,238.34,238.34,238.34
121.2,238.49,238.49,238.49,238.49,238.49,238.49
121.35,238.44,238.44,238.44,238.44,238.44,238.44
121.5,237.83,237.83,237.83,237.83,237.83,237.83
121.65,238.35,238.35,238.35,238.35,238.35,238.35
121.8,238.66,238.66,238.66,238.66,238.66,238.66
121.95,238.78,238.78,238.78,238.78,238.78,238.78
122.1,238.32,238.32,238.32,238.32,238.32,238.32
122.25,238.65,238.65,238.65,238.65,238.65,238.65
122.4,238.48,238.48,238.48,238.48,238.48,238.48
122.55,238.78,238.78,238.78,238.78,238.78,238.78
122.7,238.95,238.95,238.95,238.95,238.95,238.95
122.85,238.85,238.85,238.85,238.85,238.85,238.85
123.0,238.08,238.08,238.08,238.08,238.08,238.08
123.15,238.14,238.14,238.14,238.14,238.14,238.14
123.3,238.88,238.88,238.88,238.88,238.88,238.88
123.45,238.62,238.62,238.62,238.62,238.62,238.62
123.6,238.42,238.42,238.42,238.42,238.42,238.42
123.75,239.09,239.09,239.09,239.09,239.09,239.09
123.9,239.21,239.21,239.21,239.21,239.21,239.21
124.05,238.91,238.91,238.91,238.91,238.91,238.91
124.2,238.31,238.31,238.31,238.31,238.31,238.31
124.35,238.47,238.47,238.47,238.47,238.47,238.47
124.5,238.71,238.71,238.71,238.71,238.71,238.71
124.65,238.41,238.41,238.41,238.41,238.41,238.41
124.8,239.2,239.2,239.2,239.2,239.2,239.2
124.95,239.26,239.26,239.26,239.26,239.26,239.26
125.1,238.95,238.95,238.95,238.95,238.95,238.95
125.25,238.44,238.44,238.44,238.44,238.44,238.44
125.4,239.0,239.0,239.0,239.0,239.0,239.0
125.55,239.0,239.0,239.0,239.0,239.0,239.0
125.7,239.0,239.0,239.0,239.0,239.0,239.0
125.85,238.06,238.06,238.06,238.06,238.06,238.06
126.0,238.33,238.33,238.33,238.33,238.33,238.33
126.15,238.17,238.17,238.17,238.17,238.17,238.17
126.3,238.11,238.11,238.11,238.11,238.11,238.11
126.45,237.59,237.59,237.59,237.59,237.59,237.59
126.6,237.71,237.71,237.71,237.71,237.71,237.71
126.75,237.79,237.79,237.79,237.79,237.79,237.79
126.9,236.84,236.84,236.84,236.84,236.84,236.84
127.05,236.86,236.86,236.86,236.86,236.86,236.86
127.2,236.56,236.56,236.56,236.56,236.56,236.56
127.35,236.22,236.22,236.22,236.22,236.22,236.22
127.5,235.7,235.7,235.7,235.7,235.7,235.7
127.65,234.96,234.96,234.96,234.96,234.96,234.96
127.8,235.26,235.26,235.26,235.26,235.26,235.26
127.95,234.07,234.07,234.07,234.07,234.07,234.07
128.1,234.29,234.29,234.29,234.29,234.29,234.29
128.25,233.74,233.74,233.74,233.74,233.74,233.74
128.4,233.5,233.5,233.5,233.5,233.5,233.5
128.55,232.8,232.8,232.8,232.8,232.8,232.8
128.7,232.55,232.55,232.55,232.55,232.55,232.55
128.85,231.86,231.86,231.86,231.86,231.86,231.86
129.0,231.41,231.41,231.41,231.41,231.41,231.41
129.15,230.7,230.7,230.7,230.7,230.7,230.7
129.3,230.02,230.02,230.02,230.02,230.02,230.02
129.45,229.98,229.98,229.98,229.98,229.98,229.98
129.6,228.96,228.96,228.96,228.96,228.96,228.96
129.75,228.33,228.33,228.33,228.33,228.33,228.33
129.9,227.93,227.93,227.93,227.93,227.93,227.93
130.05,226.93,226.93,226.93,226.93,226.93,226.93
130.2,226.43,226.43,226.43,226.43,226.43,226.43
130.35,226.14,226.14,226.14,226.14,226.14,226.14
130.5,225.6,225.6,225.6,225.6,225.6,225.6
130.65,224.6,224.6,224.6,224.6,224.6,224.6
130.8,224.45,224.45,224.45,224.45,224.45,224.45
130.95,223.91,223.91,223.91,223.91,223.91,223.91
131.1,222.82,222.82,222.82,222.82,222.82,222.82
131.25,221.82,221.82,221.82,221.82,221.82,221.82
131.4,221.5,221.5,221.5,221.5,221.5,221.5
131.55,221.0,221.0,221.0,221.0,221.0,221.0
131.7,220.46,220.46,220.46,220.46,220.46,220.46
131.85,219.4,219.4,219.4,219.4,219.4,219.4
132.0,218.37,218.37,218.37,218.37,218.37,218.37
132.15,218.23,218.23,218.23,218.23,218.23,218.23
132.3,216.8,216.8,216.8,216.8,216.8,216.8
132.45,216.15,216.15,216.15,216.15,216.15,216.15
132.6,215.55,215.55,215.55,215.55,215.55,215.55
132.75,215.19,215.19,215.19,215.19,215.19,215.19
132.9,214.33,214.33,214.33,214.33,214.33,214.33
133.05,213.71,213.71,213.71,213.71,213.71,213.71
133.2,213.22,213.22,213.22,213.22,213.22,213.22
133.35,212.31,212.31,212.31,212.31,212.31,212.31
133.5,210.9,210.9,210.9,210.9,210.9,210.9
133.65,209.97,209.97,209.97,209.97,209.97,209.97
133.8,209.83,209.83,209.83,209.83,209.83,209.83
133.95,208.9,208.9,208.9,208.9,208.9,208.9
134.1,208.03,208.03,208.03,208.03,208.03,208.03
134.25,207.78,207.78,207.78,207.78,207.78,207.78
134.4,206.77,206.77,206.77,206.77,206.77,206.77
134.55,205.49,205.49,205.49,205.49,205.49,205.49
134.7,205.41,205.41,205.41,205.41,205.41,205.41
134.85,204.05,204.05,204.05,204.05,204.05,204.05
135.0,203.55,203.55,203.55,203.55,203.55,203.55
135.15,202.66,202.66,202.66,202.66,202.66,202.66
135.3,202.13,202.13,202.13,202.13,202.13,202.13
135.45,201.28,201.28,201.28,201.28,201.28,201.28
135.6,199.74,199.74,199.74,199.74,199.74,199.74
135.75,199.12,199.12,199.12,199.12,199.12,199.12
135.9,198.42,198.42,198.42,198.42,198.42,198.42
136.05,197.91,197.91,197.91,197.91,197.91,197.91
136.2,196.74,196.74,196.74,196.74,196.74,196.74
136.35,195.79,195.79,195.79,195.79,195.79,195.79
136.5,194.9,194.9,194.9,194.9,194.9,194.9
136.65,194.4,194.4,194.4,194.4,194.4,194.4
136.8,193.77,193.77,193.77,193.77,193.77,193.77
136.95,192.33,192.33,192.33,192.33,192.33,192.33
137.1,191.38,191.38,191.38,191.38,191.38,191.38
137.25,191.24,191.24,191.24,191.24,191.24,191.24
137.4,189.8,189.8,189.8,189.8,189.8,189.8
137.55,189.18,189.18,189.18,189.18,189.18,189.18
137.7,188.09,188.09,188.09,188.09,188.09,188.09
137.85,187.93,187.93,187.93,187.93,187.93,187.93
138.0,187.06,187.06,187.06,187.06,187.06,187.06
138.15,185.73,185.73,185.73,185.73,185.73,185.73
138.3,184.52,184.52,184.52,184.52,184.52,184.52
138.45,183.89,183.89,183.89,183.89,183.89,183.89
138.6,183.73,183.73,183.73,183.73,183.73,183.73
138.75,182.16,182.16,182.16,182.16,182.16,182.16
138.9,181.88,181.88,181.88,181.88,181.88,181.88
139.05,180.62,180.62,180.62,180.62,180.62,180.62
139.2,179.81,179.81,179.81,179.81,179.81,179.81
139.35,178.71,178.71,178.71,178.71,178.71,178.71
139.5,178.71,178.71,178.71,178.71,178.71,178.71
139.65,177.65,177.65,177.65,177.65,177.65,177.65
139.8,177.01,177.01,177.01,177.01,177.01,177.01
139.95,175.87,175.87,175.87,175.87,175.87,175.87
140.1,175.2,175.2,175.2,175.2,175.2,175.2
140.25,174.2,174.2,174.2,174.2,174.2,174.2
140.4,173.41,173.41,173.41,173.41,173.41,173.41
140.55,172.68,172.68,172.68,172.68,172.68,172.68
140.7,171.2,171.2,171.2,171.2,171.2,171.2
140.85,170.33,170.33,170.33,170.33,170.33,170.33
141.0,170.32,170.32,170.32,170.32,170.32,170.32
141.15,169.07,169.07,169.07,169.07,169.07,169.07
141.3,168.59,168.59,168.59,168.59,168.59,168.59
141.45,167.43,167.43,167.43,167.43,167.43,167.43
141.6,166.18,166.18,166.18,166.18,166.18,166.18
141.75,165.81,165.81,165.81,165.81,165.81,165.81
141.9,164.92,164.92,164.92,164.92,164.92,164.92
142.05,164.31,164.31,164.31,164.31,164.31,164.31
142.2,162.9,162.9,162.9,162.9,162.9,162.9
142.35,162.54,162.54,162.54,162.54,162.54,162.54
142.5,161.92,161.92,161.92,161.92,161.92,161.92
142.65,161.41,161.41,161.41,161.41,161.41,161.41
142.8,159.85,159.85,159.85,159.85,159.85,159.85
142.95,159.38,159.38,159.38,159.38,159.38,159.38
143.1,158.66,158.66,158.66,158.66,158.66,158.66
143.25,157.72,157.72,157.72,157.72,157.72,157.72
143.4,157.26,157.26,157.26,157.26,157.26,157.26
143.55,155.75,155.75,155.75,155.75,155.75,155.75
143.7,154.9,154.9,154.9,154.9,154.9,154.9
143.85,154.13,154.13,154.13,154.13,154.13,154.13
144.0,153.48,153.48,153.48,153.48,153.48,153.48
144.15,152.45,152.45,152.45,152.45,152.45,152.45
144.3,152.31,152.31,152.31,152.31,152.31,152.31
144.45,151.2,151.2,151.2,151.2,151.2,151.2
144.6,150.35,150.35,150.35,150.35,150.35,150.35
144.75,149.44,149.44,149.44,149.44,149.44,149.44
144.9,149.39,149.39,149.39,149.39,149.39,149.39
145.05,148.37,148.37,148.37,148.37,148.37,148.37
145.2,147.71,147.71,147.71,147.71,147.71,147.71
145.35,146.55,146.55,146.55,146.55,146.55,146.55
145.5,146.25,146.25,146.25,146.25,146.25,146.25
145.65,145.16,145.16,145.16,145.16,145.16,145.16
145.8,144.82,144.82,144.82,144.82,144.82,144.82
145.95,143.36,143.36,143.36,143.36,143.36,143.36
146.1,142.75,142.75,142.75,142.75,142.75,142.75
146.25,142.34,142.34,142.34,142.34,142.34,142.34
146.4,141.23,141.23,141.23,141.23,141.23,141.23
146.55,140.85,140.85,140.85,140.85,140.85,140.85
146.7,139.67,139.67,139.67,139.67,139.67,139.67
146.85,139.27,139.27,139.27,139.27,139.27,139.27
147.0,138.32,138.32,138.32,138.32,138.32,138.32
147.15,137.37,137.37,137.37,137.37,137.37,137.37
147.3,137.27,137.27,137.27,137.27,137.27,137.27
147.45,136.35,136.35,136.35,136.35,136.35,136.35
147.6,135.1,135.1,135.1,135.1,135.1,135.1
147.75,135.0,135.0,135.0,135.0,135.0,135.0
147.9,134.41,134.41,134.41,134.41,134.41,134.41
148.05,133.41,133.41,133.41,133.41,133.41,133.41
148.2,132.24,132.24,132.24,132.24,132.24,132.24
148.35,132.32,132.32,132.32,132.32,132.32,132.32
148.5,131.49,131.49,131.49,131.49,131.49,131.49
148.65,130.52,130.52,130.52,130.52,130.52,130.52
148.8,129.33,129.33,129.33,129.33,129.33,129.33
148.95,129.35,129.35,129.35,129.35,129.35,129.35
149.1,128.59,128.59,128.59,128.59,128.59,128.59
149.25,127.85,127.85,127.85,127.85,127.85,127.85
149.4,127.13,127.13,127.13,127.13,127.13,127.13
149.55,126.67,126.67,126.67,126.67,126.67,126.67
149.7,125.77,125.77,125.77,125.77,125.77,125.77
149.85,124.91,124.91,124.91,124.91,124.91,124.91
150.0,123.85,123.85,123.85,123.85,123.85,123.85
150.15,123.16,123.16,123.16,123.16,123.16,123.16
